"No.","Exon / Intron","Start","End","Start Phase","End Phase","Length","Sequence"
"","5' upstream sequence","","","","","","                            ..........gctgccgccccccgtctggtggcccgacccgcgccgcccgcggctccctt                "
"1","ENSE00003849063","38,260,735","38,260,498","-","0","238","                            ATGTCTCTCGCCGTCTCCAGCCTCAGTCCCTCTCTGTCTCTCTCTCAGTCTCTCTCCCTGTCCTCCCCGGCCGCTCCTCCGAGATGACGCCGGGGTCGGTGCCCCGGGCCTGCCCTATCCCCTGGCTCCAGGGCTAGGCGGGACCGAGGGCTGCCCCAGACAGACGGACCCGCGGACCCACAGACCCCGCGCCCAGGAGAGGAGCCGCGCCGCCCGCCGCTGGCAGCCCGTCACCATG                  "
" ","Intron 1-2","38,260,497","38,246,127","","","14,371","                            gtaacgcgccaaggcctggaccacc..........caccccctcctcctgtcccccacag                "
"2","ENSE00003736267","38,246,126","38,245,929","0","0","198","                            GACCCTCCATCCCTCGACACAGCCATCCAGCATGCCCTGGCGGGCCTCTATCCTCCTTTCGAGGCCACAGCACCCACCGTCCTGGGTCAGGTGTTCCGTCTCCTGGACTCTGGCTTCCAGGGGGATGGGCTGAGCTTCCTTCTGGATTTCCTGATCCCTGCCAAGCGCCTGTGTGAGCAAGTGCGAGAAGCAGCCTGT                                                          "
" ","Intron 2-3","38,245,928","38,241,930","","","3,999","                            gtaagtcaagagggaaacagggaca..........tgatgccatccccttctctccacag                "
"3","ENSE00003712051","38,241,929","38,240,582","0","1","1,348","                            GCTCCCTACTCACACTGCCTCTTCTTACACGAGGGCTGGCCACTCTGTCTGAGGGATGAAGTTGTGGTCCACTTGGCACCCCTCAACCCTCTCTTATTGCGCCAGGGTGACTTCTACCTCCAAGTGGAGCCCCAGGAGGAGCAGTCTGTCTGCATCATGATCAAATGCCTCTCCCTGGACCTCTGCACAGTGGACAAGAAGCCTGTTCCAGAGCCAGCCTACCCTATACTTTTCACCCAAGAATGGCTGGAGGCCATCAACAGTGACTTTGAGGGAAATCCCCTACACAACTGCTTGGTAGCATCAGAAAATGGGATTGCCCCTGTGCCTTGGACCAAGATAACCAGCCCAGAGTTTGTGGATGACAGACCCCAAGTAGTGAATGCCCTCTGCCAAGCCTGGGGGCCCCTTCCATTAGAGGCACTGGATTTGAGCAGCCCTCAAGAGTTGCACCAGGCCAGCTCCCCAGACAACCAGGTGCTTCCTGCCCAGAGTTTGGCCAAGGGTAAGGGCAGGACATATGGGAGCAAGTATCCAGGACTCATCAAGGTGGAGCAAGCCCGGTGTGGGGAGGTGGCTTTCAGGATGGACGAGGTGGTCAGCCAGGACTTCGAGGGAGACTATGTGGCTCTCCTAGGCTTTTCCCAAGAGAGCAGAGGAGAGTCTCCCAGTAGGGAGGCAGGCACATCCAGTGGGTGTACTTCTGGGGCACTAGAGGAGATAGCTGGAACTAAGGAAACTCCCTTATTTCAAAAGATACTGCCTCTCTCAGAGGCCAATGAAGGACCTTCCTTGGGAAATCGGGCTTGCACAAAGCCAGAAAGCTCTGAGGAGAGGCCCTATAATTTGGGCTTCAGGAGAAAGGTCAATCTTAAAGCACCCACCCACAACTCAGAAAGGCCGCCCCAAGGCTCCTACATGAATGTCCTTGAGGACGCACTGGACTGTGCCTCTGGTCTCAGGGCAGGTGTCTCACAAGAGCCAGCTGCCTCCAAGATGCAGGGACCTCTAGGAAACCCAGAGAATATGGTGCAGCTCAGGCCTGGACCAAGACAAGCCTCCTCTCCCCGCCTGTCCCCAGCTTCTCCTGCAGCTGCAGCCTCTGAAACAAAGATAGAGGTGAAGACCAAAGAGAGAAATGGGAGACTTCCCAAGCCCATGCCCTGCCCTAGCAGAAACACCTCCTCCCCTGAGCCCCCCACTCCTGGGCTCAAATTCTCATTCTTGAGAGGGCAGAGGCAACCCTCTGTGACCCCGGAGAAAGCCTCACTCCAGCACAATGGGCCCTGGAAAGTCCTGTGTTCCCTCTACTCTCCTAAACCCAACCGAGCCAAATCTTTGGGGAAAG                                                "
" ","Intron 3-4","38,240,581","38,239,726","","","856","                            gtaagatgcccacatgctcagctgt..........tttctttgttgttgctttttcccag                "
"4","ENSE00003603128","38,239,725","38,239,528","1","1","198","                            CTGGAACAACTCAGACCAAAACATCTGGCCCAGCCACTGCCCCCAGCCCACTGACTGAGGAAAAGGCTGCCTTGCCAGAAGCTTCTGCAGGCTCCCCAGAAAGAGGCCCCACCCTGGAGGAGGAGCCCCCAGGGCCTGAGCCCAGGATTGGGGCTCTAGGTGTCAAGGTTTTCCGCTCCAGGATAGCATGCCTGCCAG                                                          "
" ","Intron 4-5","38,239,527","38,231,326","","","8,202","                            gttccaggggattcaagcaggaggt..........ctcacgtgtgccctctgtcctccag                "
"5","ENSE00003753709","38,231,325","38,231,202","1","2","124","                            GTGGCCGGGACAGGGCCGGGCGGCCCCTGCTTCTGGTGTCAACTACAGAGGGGGCCTGGGAGGCACCATGGTGCACAGTTTCAGAGGTCACCAAGCTACTGTCCTACCTGTGTACCATCCCCAG                                                                        "
" ","Intron 5-6","38,231,201","38,228,241","","","2,961","                            gtaaggatctgggccaccctgactg..........tgtcaattctgtttaccacccacag                "
"6","ENSE00003736070","38,228,240","38,228,147","2","0","94","                            GCCTGAAGATAAAGCCAAGGGGCTGGCGGTCCTGATTGACGCCAGGAGACAGCCCCCACAGCCCGGTCTGGTCAGCGCCCTGCAGGCCACCCAG                                          "
" ","Intron 6-7","38,228,146","38,227,241","","","906","                            gtgagtgggaggtggagagccttag..........actctgcagtggttgtctttgacag                "
"7","ENSE00003741961","38,227,240","38,227,154","0","0","87","                            GCTCAGGTCCCAGCCTCTATCCGGGCTATTCTCTTCCTGGGGGAGAAGGAGGCGGCTCTCCAGCTGCAGACATTACCTGACGTCCAG                                                 "
" ","Intron 7-8","38,227,153","38,225,782","","","1,372","                            gtgagggggactcagggtcggcggt..........gttctcctgattctttggtctgcag                "
"8","ENSE00000991701","38,225,781","38,225,665","0","0","117","                            GTGGAGGTGCTGACCTCATTGAAGGCCCTCAGCCACCATGTGGACCCCAGCCAGCTGCCCGCAGTCCTGGAAGGCCCCTTCCCCTACTGCCACACCGAGTGGGTTCATTTCTTCCAG                   "
" ","Intron 8-9","38,225,664","38,223,637","","","2,028","                            gtgtttaccgtcacagcctttagcc..........tgccctttggtcctctgtcctgcag                "
"9","ENSE00000991702","38,223,636","38,223,538","0","0","99","                            AAGCTGGACCCTTTCCTTGCTGACCTCCACCAGGCCTCTTCCCTGCTACAAGCTTCCATCGAGGAATTCGAGAAGGCCGACCCCCCTGGGGGGATGCAG                                     "
" ","Intron 9-10","38,223,537","38,222,598","","","940","                            gtgagcctggagcatggtgactggg..........tcagggcacctccctacgctggcag                "
"10","ENSE00000991703","38,222,597","38,222,449","0","2","149","                            GAGGCTACCAGGTGCCTGAGCAAGTCCAAGGAGCTGATGGAGGCTGTGCTGAGGGACCCCGGCCTACTGGGCCTCCAGCGGGAAGGTGGAGCCACCCTGGCCAGGCTGCAGCATGATGCCAGCAGGCTGGACTTCAGCCCTGATGTCAG                                               "
" ","Intron 10-11","38,222,448","38,219,769","","","2,680","                            gtacagacgtccaggcctttcctct..........tttctcacctccgcccacctcccag                "
"11","ENSE00003641266","38,219,768","38,219,630","2","0","139","                            GAGCCATCTGGCTGCAGCCACTGCCTTGTACAGCCTTGTGGACGAGCAGCTTCATGTTCTGGTCACCGCTTCCAACAGCCTCCTGGGGAAGCTGGAGCTCCGTGTCCGCCTGGGCCGCCTGGAAGCTGCCATTCACCAG                                                         "
" ","Intron 11-12","38,219,629","38,218,367","","","1,263","                            gtgaaaggggtgtctggcttggggt..........tccaaatctgcctctcctgccccag                "
"12","ENSE00003472816","38,218,366","38,218,244","0","0","123","                            GTCAGCGACTGGATGGAGCAGGAAGGAAGGCGGTGCCTGCAATCACTGACCCCCAAGGATGGAAGTTTGGAGACAGTGGAGAAAGCCCACGCAGAATTTGAGAACTTCTTCCTCCAGGCTGCA                                                                         "
" ","Intron 12-13","38,218,243","38,217,475","","","769","                            gtgcgttccagacaacagaggagca..........ggcgccccctcctctcccctctcag                "
"13","ENSE00003789140","38,217,474","38,217,253","0","0","222","                            GCCCAGTACCGCCGAGGCCTGGAGCTGTCCAAGCAGGCCGCTCAGCTGGGAGCTACAGCCAGAGGGGCTGGGGAGGCAGAACGTGCAGAGTTCCCAGAGCTGGCAGCCTTTGCCTCTACCCAGCGGGCCTTCCAGGCTGAGCTGACCCACTTTTACATGGCGGCCGAGCGGCAACGCACGGACCTCGAGACGCTGCTCCACCTGCACCGCTTCTGCAAGAGG                                  "
" ","Intron 13-14","38,217,252","38,213,744","","","3,509","                            gtgagccccgcggcccacctgcaca..........acctccctctcttcttgtcccccag                "
"14","ENSE00001780141","38,213,743","38,210,503","0","-","3,241","                            ATGACCTGGTTCCACATGGACTGTCAGGACCTGATGGCCCAGCTCAGGCTGGACAAGACCTCAAGGGTCAGTCCTGGGGACCAGCGCCGCCTCCACCGCTACCTGCAGCGACTGGCATCTGAGTTCCCTGCTGAGAAGCTCGCAGCCGTGGGGCTGCAGGTGGCCTCCCTGAGCCGGGCAGGCCTGGGCCAGGAGCTATGGGAGGAGGCCCGGATCAGGCATGAGGAGATCCGGATGCTCCTGGAGAAGGCACTGACCCACAGCTCTTGCCCAGAGGCTCCAGCTGCTCACTCAGCGCGCCCAGAACGAAGAGGGGTGGCAGCCAAGGGCCAGGGTGTGAGTGTAGAGGTCACTTCCAAGGGGAGGTGGGATCAGCCTCCACTAGACTCACTGGGCATGGACCATTTGCCAAAGTCCTATTGGCCTCCTGGGCCCCCCAGAGGGGAACAGAACAGAACTTTCCAGGCAGGCTCTCCACCCCAGGAAGCTGGCCAGGCTGCAGAGGCTGAAGACGGCAAAGGCTCCCACAAGCTGCCTGACCCTGCCCGCGAGCATTTGCTTGCCACCACCTTCTTCCGGCAGCAGCCCCCCAGGCAGAGCCAGGTCCCTCGCCTCACTGGGGGCAGCTTCTCCTCAGAGGGGACAGACTCACAGACATCCCTTGAGGACTCACCCCAGACAAGTCCCCTTGCCTCCCTCTAGCTGAGAGGCCCCTTCAGTCGCACCAGCCTCCAGGAGCACTGGGCCAGGGCCCAGCTGGAGGGGTAGCTGGGAGCTCTGGTCAGTCCCAGTGAGACGTCACCATGGAGCACTGGTTTTACATTCTGCCTCTGCTGGGAGGATGAGAACTGTCGACCTGCCCCTGGCTCCAGAAAACTCCTGGAAGACCCGATCTTCACCCATGCAGAATAGCAAGAGTGGGCGTCAGAACCAGGGCACAATAAATGGTGTGATTGGCTCCATCCCTCCAGGCTCTCATTGTGGAAAGACCTGTCGGCACAGACCCCTCCAGAGGTCTCGCTCGCAGGCAGGCAGACACCCACCTGCAGCTCAGGAACATACACAGCTCTCCCCTCGGGTACGAGGGCCAGTGTTGCCCTTAGGCAGAATCCTCGGGGAGATTCGGGAGTGCTTCCTTGTCTTGGATTCCAGGAAAATGGACCCTGAGATGAGGATTTAAGGATCAGTGTGTTTGGTGCTGATCCAGGAACCTCTGCTGGGGGAGTAGGAGGCGAATCTGCAAAGGGAATAAAGAGTATGTTGTCAAGCAAATTTTCTTTTTTTTAATTTTTAAAACTTCATTGTATTTTATGTTTAGAGATGGGGCCTCACTACATTGCCCAGGCTGGTCTCAAACTCCTGGGCTCAAGTGATCCTCTTGCCTTGGCCTGCCAAAGTGCTGGGATTGCCTTTTCCGCCCACCCCCCCCGACCCCACCAGAGACAGGGTCTCACTCTGGTGTCCAGGCTGGAGTGCAGTGGTGCAATCATAGCCTTAAATTCCTGGGTTCAACCAATCCTCCCACCTCAGCCTCCTAAGTAGCTGGGACTACAGTTATGCACCACCATGCTCAGCTTATTATTTATTTATTTTTTGTAGACATGGGGTCTTGCTATGTTGCCCAGGCAGGCTGATCTCAAGCTCAAGTGATCCTCTGGACTCAGCCTCCCAAAGTGCTGGGATTATACGTATGAGCCACTGTGCCCCACCCTCATACAAATTTCCATGTTGGCAACTGTAGCTGGATCTTTCTGGAGATCTCTGAAAGACAGCATGGAATCCTTGAACACCCCCTGAGGCGTGAGGCATCCAGAGCATTTATCTGCCAACCCTCAGGAGCTGGCACTCGTAGACAGCACGCACAGCCAGCTCCATTGGTCTTGGCAAAGAGAATTGCCTCCTGGAGCCAGAGGCCGGTTCCTGTGCTTAGAAAGGAAGGACATGTCTTCTGTGCTCCCTGTCTCACAAGGCCTCTTCAGCAGGCATGGGACCTTCATTCTCAAGTTCAAGGAACCCTGTGGAACCTTGTCCTTGTCCTCCAGAGAGAATCCTCTCCGCCTTAGAGGTCCCTCCTCTCTCTCACCTCCCCACCAAGCCTCCCTGAACTCAATGTCTTCTGTCCCCTTCCCTGCCCAACTTCCACTTCTCTATGCCCAGCCTCTGTGGCCCAGTACCATTGGGGTTCTGTGGGCAGCTGGGTCCTGGTGGTTGGGGACCGTGGGAAGGGGCCTATCTGTCGGATCTTAGATGGAGCATCCAGAAGCCCCACCCTTCATACTGGCCAGAGTGGCCCCTGCCAGCGCCTCTCTGGAGTGTCATTAAGCTGAAAGTGTTTGCCTTACCTCTGCAGTAGGATGCATTACTGAAGTGGCCTCTTGGTCACCTAGCTCTGAATTTTCCTGGCTCCAGAAAGAGGCTGTGGGGCACAGGTCCCCCACAATGAGGCTGTGAAGGGGAGAGAGGCAGGCCTGGGCCAGGCACAGGAGGACAACTAGGGCTTCTCAGGAGCTGTCTCAGCCAAGAGTCACACACTTGATACCTAAAATGGCTTCAGGAATCTTCCAAGACTGAAGACTTCCCCAGGTGTGGTCTAGGGCCTGCCTGCCTCAGAGCCATGAGCAGAGCCGGTCAAAAGGCTTCCTAGGGAATCCTACCCCAGACATTAAAATAGACTCTTGGTGCTGGCAGGTGGCTGGAATCTGCGTTTGTAGCCAAGTGCTCTTCCTGTGTGACTCAGCAAAGTGGGGGTGCATTTGGGGAACACCCGGGGCTGGGGCCTGAGTCCTCCACCCAAAGCCAGGTTTGATTCTTGCATTCCCCTCCCTGCCTTCCATCCAGACAGGCCCAAAGATGCAAGAGGCGTTGATCAGCCCATCTCCATCCATGCCTGTTGCCTCAGAGAGGGCCGACGGCTTTTAAAATGCTGTTGCCATAGCAACAGCATCCAGCCAGTGGGTACCACAGGCAGGGAGCCACAGAAACTGGGGTGCTGGGATGGAAACTGACTTGTGAGAGACCACAGCTACTGCTAGAAGGAAGGGGGGCAAAGCGGGCACAGGTAATCTAAGAATACTTGGGCGGGAGGAGTCCCCAAGGTTACCTTGTGCATCCCTCTGTCCCCAGAAAGAACTGTACCCCAACAATCTCTCCCCTCACTGCATCCCCTGGGGAAGAAGGGAATGCAGAAATGAAATGTCATAATGAGTAACAATGTATAAAAATATCGAATAATAACAGCTAA                                                                           "
"","3' downstream sequence","","","","","","                            catttcttttgcattttctttgtgcctagctttgagctaaatcctctaaa..........                "
